City_ID,City,Lat,Lng,Max Temp,Humidity,Cloudiness,Wind Speed,Country,Date
0,papatowai,-76.7561,171.7199,267.44,75,100,5.54,AQ,1700705673
1,amnat charoen,15.8217,104.7667,299.22,68,100,5.52,TH,1700705675
2,mehran,33.27,46.3847,280.06,31,100,0.53,IR,1700705682
3,bosobolo,4.1392,19.9461,294.83,99,100,1.08,CD,1700705694
4,seka,18.0471,103.8551,297.42,65,83,2.24,TH,1700705695
5,ierapetra,33.8486,26.4797,294.67,67,5,7.26,GR,1700705719
6,chelno-vershiny,54.1313,51.015,263.52,93,100,6.94,RU,1700705728
7,berezovyy,52.2083,134.9699,257.79,60,100,1.47,RU,1700705729
8,jamestown,-16.3061,-5.9424,294.15,94,73,5.64,SH,1700705736
9,saguenay,48.5284,-70.2332,270.3,99,100,0.75,CA,1700705738
10,mobaye,3.7891,21.3068,293.92,99,100,0.63,CF,1700705745
11,valpovo,45.6527,18.4413,277.28,82,69,1.79,HR,1700705749
12,payshamba shahri,40.4647,66.1937,278.07,68,9,5.01,UZ,1700705766
13,eu,49.9243,1.3965,282.72,90,97,4.15,FR,1700705777
14,gniewkowo,52.8989,18.471,273.25,100,100,7.27,PL,1700705781
15,thongwa,15.7374,96.5553,300.73,75,49,3.2,MM,1700705783
16,gurupa,-1.4056,-51.8443,299.53,73,54,2.14,BR,1700705787
17,nangka,10.5873,123.9442,300.72,86,25,2.16,PH,1700705798
18,mareeba,-16.9282,141.9196,306.73,47,34,3.95,AU,1700705803
19,krasnozerskoye,54.564,79.3672,268.34,71,100,6.25,RU,1700705807
20,thompson,61.5064,-90.9805,261.36,97,100,18.12,CA,1700705810
21,turar ryskulov,42.5008,70.8658,275.95,68,100,2.46,KZ,1700705817
22,aracoiaba,-4.4262,-38.8893,297.77,80,0,2.97,BR,1700705819
23,okha,54.2266,144.7602,267.97,62,100,9.71,RU,1700705821
24,zhangjiakou,41.0401,114.6703,257.0,62,72,11.19,CN,1700705822
25,newman,-23.9709,118.6881,306.46,12,33,7.24,AU,1700705826
26,nova sintra,14.7402,-25.2154,299.95,73,100,10.9,CV,1700705833
27,ceeldheer,4.3847,47.345,297.16,85,92,5.54,SO,1700705838
28,moree,-29.3379,146.9287,301.49,52,100,4.75,AU,1700705842
29,broken hill,-28.0349,142.6671,305.94,31,86,5.31,AU,1700705856
30,yellowknife,71.6608,-120.095,259.55,93,77,3.91,CA,1700705858
31,hanko,59.8753,23.056,278.15,89,100,11.62,FI,1700705879
32,selendi,38.8278,28.9258,282.48,90,84,1.38,TR,1700705882
33,timmins,49.5604,-81.1544,268.25,96,100,1.57,CA,1700705892
34,falkenberg,57.1301,12.6215,282.01,95,100,8.38,SE,1700705897
35,astara,38.5743,48.6706,269.87,34,1,2.98,AZ,1700705933
36,lamar,38.5137,-102.3689,284.79,26,1,3.75,US,1700705934
37,berdigestyakh,61.844,124.4672,247.88,94,100,3.87,RU,1700705936
38,inhambane,-23.2813,35.8318,299.7,82,5,4.28,MZ,1700705940
39,meridian,32.7987,-88.4331,280.36,77,56,1.83,US,1700705943
40,danja,11.4478,7.5445,291.88,39,2,1.84,NG,1700705947
41,san borja,-14.8602,-67.1142,299.96,63,46,0.4,BO,1700705949
42,gereida,10.4927,24.4039,297.33,33,84,1.99,SD,1700705951
43,dauphin,51.8578,-98.8768,262.81,60,10,3.96,CA,1700705954
44,chongwe,-14.9412,29.3328,299.56,55,74,0.79,ZM,1700705958
45,nyrob,61.7161,57.1783,264.3,94,100,3.04,RU,1700705960
46,djamaa,34.0292,6.3199,287.13,54,57,8.23,DZ,1700705961
47,puerto princesa,8.9773,119.4905,301.61,78,8,5.27,PH,1700705965
48,yomju-up,39.6373,124.5635,276.63,66,59,10.2,KP,1700705975
49,san rafael,-34.7617,-67.8933,294.22,24,9,5.96,AR,1700705977
50,adrogue,-35.0697,-58.5562,294.16,63,0,3.88,AR,1700705979
51,san lorenzo de esmeraldas,1.1236,-78.4217,296.51,94,97,0.75,EC,1700705995
52,qamdo,33.4218,96.4984,261.96,45,0,1.34,CN,1700705998
53,northam,-32.2298,119.698,299.12,26,3,7.08,AU,1700706004
54,kagoro,9.3913,8.5662,294.51,53,2,0.53,NG,1700706007
55,ust-tsilma,65.8404,50.8818,259.85,96,100,0.37,RU,1700706014
56,pangoa,-11.5054,-71.1138,295.68,91,28,1.29,PE,1700706016
57,akureyri,64.9908,-16.7368,263.73,93,81,9.43,IS,1700706020
58,college,70.2171,-156.5465,260.2,82,92,3.9,US,1700706022
59,vidalia,32.1897,-82.4817,284.14,71,0,0.0,US,1700706027
60,amargosa,-12.8185,-39.8732,295.0,91,13,3.09,BR,1700706038
61,kalyandurg,14.4437,76.9948,295.74,85,100,2.62,IN,1700706046
62,alotau,-8.9944,151.5383,301.02,76,18,6.86,PG,1700706050
63,madang,-4.4937,146.2867,301.91,72,100,2.46,PG,1700706052
64,kurumkan,54.3332,111.5277,248.34,99,89,2.38,RU,1700706066
65,plymouth,16.3103,-62.2746,300.68,71,1,3.62,MS,1700706071
66,port erin,54.0652,-5.0792,285.21,85,91,13.24,IM,1700706073
67,nova aurora,-22.8538,-52.4537,296.75,86,100,2.18,BR,1700706075
68,miramichi,47.0117,-65.7183,273.08,99,100,2.91,CA,1700706076
69,tremp,42.4282,1.1222,274.57,65,3,5.08,ES,1700706097
70,yelovo,57.1861,55.1005,266.9,96,100,2.96,RU,1700706104
71,san mariano,16.9497,123.7577,300.74,82,100,7.33,PH,1700706109
72,altai,46.3652,97.9195,258.02,32,6,0.09,MN,1700706111
73,vorgashor,66.5147,62.8459,259.61,90,100,2.03,RU,1700706120
74,vyaz'ma,54.8719,34.4557,263.03,93,69,2.14,RU,1700706123
75,lodja,-3.5508,22.6514,293.8,100,100,0.83,CD,1700706128
76,bilibino,67.7449,171.932,254.07,99,100,3.45,RU,1700706135
77,avallon,47.2047,4.0281,272.58,77,100,1.28,FR,1700706137
78,mizdah,30.0387,11.8185,281.24,74,0,2.92,LY,1700706139
79,priargunsk,50.96,119.3656,259.12,89,100,2.55,RU,1700706145
80,prince rupert,56.2595,-129.8491,263.77,96,96,1.94,CA,1700706147
81,raja,7.1598,25.2465,294.35,63,46,1.31,SS,1700706159
82,bhadra,29.0889,75.0694,290.42,29,0,2.81,IN,1700706162
83,sept-iles,50.758,-65.1798,271.23,98,100,3.07,CA,1700706169
84,thompson,73.6141,-93.7476,242.37,95,59,1.28,CA,1700706183
85,abepura,-4.3182,139.9906,296.28,67,36,1.76,PG,1700706185
86,okha,53.9259,144.4497,267.69,62,100,9.15,RU,1700706187
87,sarmiento,-44.3789,-68.9444,281.69,52,21,9.78,AR,1700706196
88,beroroha,-21.2474,44.4771,297.71,55,0,4.34,MG,1700706206
89,sal rei,16.3617,-22.2954,299.8,73,99,6.59,CV,1700706214
90,puerto aysen,-45.8353,-74.6694,280.97,90,55,1.85,CL,1700706218
91,baoshan,46.7919,131.5801,264.51,93,100,6.33,CN,1700706223
92,yellowknife,72.5529,-123.449,254.83,96,78,3.3,CA,1700706230
93,dickinson,45.7825,-102.5075,274.58,54,91,4.19,US,1700706233
94,al qubbah,31.5722,22.1535,286.88,50,0,3.84,LY,1700706237
95,pago pago,-14.1615,-170.5122,303.19,78,97,6.22,AS,1700706248
96,iqaluit,69.8472,-66.1526,266.1,93,100,4.58,CA,1700706249
97,port augusta,-30.8975,138.8714,297.08,43,8,5.93,AU,1700706258
98,itaituba,-7.437,-57.2266,294.52,98,100,0.8,BR,1700706260
99,tucuma,0.7376,-49.2038,301.68,75,28,8.42,BR,1700706267
100,snyder,33.3171,-100.3859,285.32,28,0,4.53,US,1700706273
101,oamaru,-46.3641,172.2153,283.44,95,100,7.16,NZ,1700706283
102,melito di porto salvo,37.2247,16.3104,293.58,72,83,10.1,IT,1700706286
103,ambodifotatra,-16.6063,50.3254,299.92,78,100,8.18,MG,1700706291
104,labytnangi,72.8444,68.8128,261.33,88,15,6.26,RU,1700706299
105,minab,27.8845,56.7758,290.47,61,11,1.57,IR,1700706309
106,lakatoro,-15.7368,167.5604,299.79,72,35,6.81,VU,1700706311
107,lashkar gah,31.5417,64.3729,283.14,22,0,4.22,AF,1700706327
108,mbandaka,-0.1901,18.2268,294.77,99,64,0.59,CD,1700706329
109,pascagoula,29.5092,-88.6822,289.85,57,100,7.56,US,1700706331
110,karakocan,39.2561,39.9595,270.63,72,95,0.11,TR,1700706340
111,whitehorse,69.8373,-126.311,261.44,85,10,4.27,CA,1700706345
112,ariquemes,-9.9887,-63.246,297.32,85,60,0.95,BR,1700706350
113,lowestoft,52.0458,2.4883,285.75,80,100,9.59,GB,1700706352
114,turkmenbasy,40.8838,53.44,282.19,70,16,4.76,TM,1700706366
115,yuxia,33.8115,108.3277,272.85,35,1,1.86,CN,1700706370
116,chibougamau,54.2072,-73.3731,259.88,98,89,2.85,CA,1700706373
117,peace river,57.2076,-117.6301,261.72,96,41,0.46,CA,1700706377
118,novyy urengoy,67.6366,76.902,254.14,97,100,6.17,RU,1700706382
119,khandyga,63.2541,137.1308,244.02,97,100,1.3,RU,1700706385
120,puerto baquerizo moreno,-2.2045,-89.5871,297.43,82,100,4.93,EC,1700706394
121,navolato,24.618,-108.0782,297.53,48,0,4.62,MX,1700706403
122,susuman,67.0074,150.0565,247.34,90,100,2.86,RU,1700706415
123,carora,10.6889,-69.9649,295.62,88,14,1.73,VE,1700706431
124,umm kaddadah,14.5275,27.6284,293.91,24,13,4.81,SD,1700706433
125,hobyo,4.6338,48.3326,301.6,75,54,8.96,SO,1700706436
126,cobram,-36.0402,145.761,302.76,33,100,3.84,AU,1700706450
127,sherpur,25.0593,89.9644,293.35,66,0,2.21,BD,1700706454
128,anna regina,7.7153,-58.0505,301.28,76,6,6.25,GY,1700706456
129,barkly west,-28.2206,24.1901,295.89,24,5,1.45,ZA,1700706457
130,canutama,-6.296,-63.8496,300.15,68,100,0.81,BR,1700706459
131,bethel,51.752,-177.5848,278.44,92,100,10.29,US,1700706471
132,sambava,-13.7216,51.2283,299.67,78,100,9.8,MG,1700706473
133,rakops,-22.1472,23.697,301.25,34,42,4.18,BW,1700706480
134,huangmei,29.957,115.8936,292.1,52,0,1.11,CN,1700706489
135,goure,14.983,10.3027,295.83,22,99,3.27,NE,1700706491
136,miracema do tocantins,-9.3543,-49.1644,297.98,78,100,1.8,BR,1700706492
137,tierra nueva,21.592,-100.5226,277.58,92,100,2.38,MX,1700706494
138,salekhard,67.9609,67.5005,258.98,96,100,3.38,RU,1700706498
139,talavera de la reina,40.1927,-4.7529,278.02,79,18,2.57,ES,1700706505
140,klaksvik,62.3576,-5.8423,278.66,72,32,19.99,FO,1700706508
141,komatsushimacho,33.8319,134.4547,288.7,61,92,1.08,JP,1700706513
142,sao jose,-27.9756,-49.5285,288.48,99,100,0.41,BR,1700706517
143,xilin hot,44.8253,116.2139,254.26,79,34,5.4,CN,1700706525
144,al wajh,25.8904,35.7844,299.27,58,61,3.57,SA,1700706530
145,al burayqah,30.2274,18.1416,289.58,38,0,5.94,LY,1700706532
146,la rinconada,-14.9853,-69.5349,275.99,74,94,1.81,PE,1700706537
147,montbard,47.6637,4.2031,273.96,79,85,0.59,FR,1700706541
148,samarinda,-0.6019,117.4352,302.27,78,100,2.29,ID,1700706544
149,upington,-27.5461,20.7569,296.13,16,6,4.16,ZA,1700706548
150,novodvinsk,66.8379,42.8106,266.84,83,100,3.83,RU,1700706549
151,kununurra,-17.8793,127.0449,306.42,35,3,1.42,AU,1700706553
152,mahdia,4.5675,-59.1771,297.1,86,61,0.77,GY,1700706563
153,brandon,49.1968,-100.0492,267.77,61,35,3.71,CA,1700706565
154,revda,68.5926,37.7401,263.34,93,85,8.97,RU,1700706567
155,murghob,38.2473,72.9543,262.9,70,54,2.55,TJ,1700706574
156,timimoun,29.6033,-0.5587,284.69,43,1,6.49,DZ,1700706577
157,landerneau,48.4456,-4.3192,284.78,93,100,4.12,FR,1700706579
158,kaiapoi,-43.2988,173.4984,291.22,61,32,12.16,NZ,1700706581
159,nizhniy odes,64.3389,54.796,262.41,92,100,2.35,RU,1700706586
160,el calafate,-50.0107,-72.1988,279.79,49,100,3.76,AR,1700706588
161,isafjordur,65.194,-23.558,273.67,57,90,6.1,IS,1700706593
162,sueca,39.3307,-0.2801,285.3,58,0,3.15,ES,1700706600
163,la ronge,57.5906,-103.3815,255.22,85,39,6.22,CA,1700706609
164,wakkanai,46.1968,139.4672,279.89,93,100,7.99,RU,1700706616
165,iqaluit,65.3093,-66.8411,269.94,89,100,4.99,CA,1700706620
166,kurchatov,51.1233,78.3673,273.85,54,100,3.46,KZ,1700706622
167,fisterra,42.399,-10.3607,287.9,69,98,9.91,ES,1700706623
168,mar del plata,-38.9265,-56.6842,286.42,78,67,1.45,AR,1700706625
169,mineiros,-17.484,-52.2963,295.95,79,46,2.85,BR,1700706627
170,santarem,-2.5107,-54.7354,301.44,74,20,2.57,BR,1700706648
171,yasuj,30.8468,51.9047,270.48,35,88,0.55,IR,1700706666
172,bereket,39.3745,55.6346,282.5,68,23,4.07,TM,1700706683
173,padang,-2.5817,99.0645,298.72,87,100,1.56,ID,1700706689
174,winnemucca,40.0045,-117.6954,281.52,34,100,0.33,US,1700706698
175,ust-nera,70.0229,140.8976,241.78,98,100,1.52,RU,1700706706
176,biloela,-25.3408,149.7312,299.81,53,100,2.69,AU,1700706715
177,zaysan,48.1494,84.8856,274.25,25,100,10.12,KZ,1700706722
178,kamina,-8.2081,23.9586,292.42,99,100,1.15,CD,1700706723
179,jose maria morelos,19.1736,-89.0915,297.59,70,99,0.95,MX,1700706729
180,yellowknife,68.9306,-114.5347,258.69,87,26,4.43,CA,1700706744
181,argo,19.7435,30.7604,293.09,26,89,4.3,SD,1700706755
182,punta arenas,-53.9824,-69.6383,274.69,87,82,7.23,CL,1700706759
183,ajijic,20.3108,-103.2877,289.4,80,100,2.78,MX,1700706766
184,samamea,-14.9891,-171.5655,300.41,77,37,6.35,WS,1700706770
185,calvi,43.2781,8.8599,288.12,61,8,9.43,FR,1700706772
186,toga village,-2.4577,175.9805,302.08,70,17,2.21,KI,1700706777
187,jambi city,-1.5044,103.5233,302.21,72,96,1.08,ID,1700706780
188,udachny,66.3301,111.8941,251.82,98,100,3.47,RU,1700706786
189,ust-nera,68.8173,141.8519,239.08,100,99,1.84,RU,1700706791
190,kaa-khem,51.7875,96.4818,252.0,80,15,1.84,RU,1700706798
191,levuka,-17.608,179.541,300.04,75,0,1.94,FJ,1700706801
192,sibay,52.4379,59.1826,271.5,93,100,8.0,RU,1700706805
193,mahajanga,-15.0803,45.4321,301.27,73,91,8.42,MG,1700706814
194,tsiolkovskiy,52.4677,128.8551,256.82,52,1,7.29,RU,1700706820
195,laborde,-33.2867,-62.9943,293.79,42,72,3.39,AR,1700706829
196,yellowknife,63.7821,-118.0635,252.4,100,92,3.75,CA,1700706833
197,nieves,23.9274,-103.292,277.77,90,100,2.7,MX,1700706834
198,bamiantong,44.4123,130.2168,266.55,83,92,5.97,CN,1700706836
199,iqaluit,65.081,-82.5381,270.31,68,100,9.74,CA,1700706850
200,siwa oasis,30.1201,24.5811,287.83,50,30,2.82,LY,1700706861
201,labrador city,52.9667,-66.2536,268.23,94,100,4.79,CA,1700706864
202,puerto madryn,-42.3145,-63.9252,288.69,43,31,7.41,AR,1700706877
203,bam,28.9169,59.58,285.7,21,0,1.33,IR,1700706884
204,murun-kuren,50.6205,99.5228,247.98,64,2,1.29,MN,1700706885
205,doembang nangbuat,14.8809,100.1174,300.35,70,84,3.14,TH,1700706887
206,beinamar,7.9396,15.5878,295.4,49,27,1.75,TD,1700706892
207,shahrud,34.7972,55.6452,280.02,40,4,2.78,IR,1700706896
208,tumayr,25.2413,46.0073,287.7,53,7,2.64,SA,1700706901
209,tshikapa,-7.0983,20.6045,293.71,99,100,1.87,CD,1700706905
210,chiroqchi,39.2629,66.6473,278.33,75,1,0.85,UZ,1700706943
211,bukama,-9.1278,26.6106,290.43,96,99,0.87,CD,1700706944
212,selkirk,51.5346,-96.1163,263.17,53,8,3.92,CA,1700706950
213,ban phe,12.2449,101.4379,300.69,72,100,3.7,TH,1700706953
214,illela,14.6359,4.6028,295.97,23,78,0.57,NE,1700706958
215,harrisonburg,38.6123,-78.9039,279.53,84,75,0.0,US,1700706960
216,tabas,33.7654,55.1632,279.06,31,7,0.77,IR,1700706967
217,salalah,17.8605,54.1051,294.89,61,23,2.07,OM,1700706980
218,kapuskasing,49.4043,-84.874,270.09,94,100,2.47,CA,1700706983
219,ulladulla,-35.7612,150.0193,297.41,63,100,3.66,AU,1700706990
220,malvan,16.2957,72.6388,301.74,64,74,4.86,IN,1700706992
221,taiohae,-14.1729,-139.3711,300.47,74,33,5.41,PF,1700706994
222,yakoruda,42.0777,23.6931,277.27,99,100,1.73,BG,1700706997
223,marsa alam,24.2334,35.9422,299.01,61,0,4.03,EG,1700707003
224,arroyo seco,-33.3692,-60.7756,291.38,41,30,3.86,AR,1700707004
225,sao joao da barra,-22.6372,-40.2772,297.85,82,59,13.44,BR,1700707013
226,boryspil',50.4593,31.0973,267.57,68,67,2.25,UA,1700707028
227,fuling,29.0534,108.185,287.08,81,82,0.75,CN,1700707033
228,smirnovo,54.2864,69.121,274.8,94,99,5.97,KZ,1700707037
229,yellowknife,79.0973,-104.7046,249.84,97,100,7.37,CA,1700707049
230,greenwood,35.0292,-94.3572,278.01,57,0,1.26,US,1700707056
231,nago,26.8853,127.8452,296.34,64,12,3.88,JP,1700707058
232,amahai,-2.8887,130.5741,301.92,75,100,2.73,ID,1700707063
233,oualidia,32.6684,-9.2915,291.17,61,11,5.36,MA,1700707069
234,susuman,62.9792,148.4179,249.83,97,100,2.29,RU,1700707078
235,manali,32.8029,78.6603,263.21,24,0,2.32,CN,1700707089
236,itupiranga,-5.3622,-49.7383,295.15,99,97,0.54,BR,1700707090
237,korsholm,64.013,21.5198,274.46,80,17,7.88,SE,1700707092
238,lewiston orchards,46.4405,-116.6579,280.61,92,100,1.07,US,1700707102
239,that phanom,16.9297,105.0952,301.44,56,93,4.18,TH,1700707106
240,ascencion de guarayos,-16.1734,-63.8543,300.5,61,79,1.02,BO,1700707124
241,udachny,72.2848,110.9186,243.3,100,100,2.44,RU,1700707137
242,aioun,15.1392,-9.473,293.7,17,96,3.09,ML,1700707148
243,bakchar,56.5992,82.438,264.79,57,100,4.3,RU,1700707150
244,tabuk,28.9883,36.7464,289.27,65,100,3.9,SA,1700707153
245,papatowai,-78.665,171.3324,262.87,91,80,2.62,AQ,1700707162
246,tindouf,27.9989,-7.3315,289.19,23,9,5.21,DZ,1700707171
247,wad az zaki,14.3236,31.8369,297.41,25,28,5.05,SD,1700707183
248,siwa oasis,29.518,23.5836,286.79,47,27,3.2,LY,1700707184
249,geneina,12.6567,22.5359,296.15,31,64,1.71,SD,1700707186
250,brokopondo,2.6525,-54.36,294.75,99,98,0.84,GF,1700707190
251,karratha,-21.639,115.9456,314.51,9,28,5.44,AU,1700707195
252,afaahiti,-18.8625,-139.925,298.15,83,99,9.44,PF,1700707198
253,mandan,46.5488,-101.7127,271.39,63,91,4.13,US,1700707202
254,jefferson city,38.5601,-92.1698,278.25,65,0,0.0,US,1700707207
255,sao raimundo das mangabeiras,-7.6779,-45.3732,295.83,89,100,0.38,BR,1700707228
256,salinas,-2.4017,-81.392,298.19,86,86,7.39,EC,1700707235
257,ambalavao,-22.0957,46.5962,291.22,77,2,1.91,MG,1700707237
258,burang,32.7893,80.94,257.17,20,2,2.16,CN,1700707242
259,yangjiang,20.8803,111.7309,296.67,72,57,5.93,CN,1700707245
260,jasper,31.2257,-93.6935,277.49,52,99,1.92,US,1700707247
261,boende,-0.7258,22.0816,294.04,99,100,0.87,CD,1700707249
262,budelsdorf,54.3408,9.6668,283.23,98,100,9.77,DE,1700707256
263,khanty-mansiysk,61.2043,68.2981,266.02,93,100,6.96,RU,1700707280
264,sebdou,34.4204,-1.5646,276.88,68,0,1.91,MA,1700707289
265,marquette,48.2761,-87.2542,272.87,93,100,3.61,CA,1700707291
266,montbard,47.6123,4.5434,272.91,79,71,1.19,FR,1700707293
267,yanchep,-30.4943,114.984,295.2,80,35,6.32,AU,1700707297
268,minab,27.3957,56.7514,293.73,43,38,4.78,IR,1700707304
269,edgewater,29.3652,-80.035,295.2,73,100,9.7,US,1700707306
270,assab,12.6264,42.4498,296.12,72,3,5.67,ET,1700707319
271,mazzarino,37.322,14.2485,286.96,94,65,5.45,IT,1700707332
272,tandil,-36.7662,-58.556,288.05,49,83,2.94,AR,1700707338
273,nkurenkuru,-16.1741,19.2946,293.46,80,76,1.94,AO,1700707339
274,merizo village,9.7868,144.919,302.13,73,4,7.27,FM,1700707350
275,griffith,-33.0692,144.9945,299.89,47,100,7.45,AU,1700707354
276,glen innes,-29.9215,151.7975,292.23,78,100,3.1,AU,1700707356
277,kenai,62.7189,-153.3582,267.77,87,100,2.77,US,1700707359
278,bojnurd,37.4994,56.5393,276.91,49,2,4.97,IR,1700707368
279,hamilton,31.3159,-64.3452,294.04,64,100,8.45,BM,1700707371
280,chibougamau,51.7696,-75.0419,263.38,97,100,1.71,CA,1700707387
281,illizi,26.5471,8.2287,284.23,62,0,1.43,DZ,1700707396
282,serdobsk,52.8952,44.0873,261.76,92,28,4.48,RU,1700707400
283,gelemso,8.3591,40.4374,290.22,70,13,1.12,ET,1700707407
284,sur,22.2219,59.5206,296.26,64,16,2.13,OM,1700707408
285,changji,45.2187,87.3261,274.04,26,96,1.88,CN,1700707417
286,cahul,46.0301,28.4023,272.03,76,34,3.58,MD,1700707422
287,cockburn town,22.2415,-71.6021,300.03,61,0,5.46,TC,1700707424
288,tippi,7.4395,35.5603,283.46,97,11,0.78,ET,1700707433
289,bokovskaya,49.1029,42.0349,265.8,72,100,4.14,RU,1700707435
290,atar,19.5995,-12.6233,296.72,13,100,3.48,MR,1700707442
291,kendari,-3.4639,122.1031,306.68,50,13,2.3,ID,1700707445
292,monte patria,-30.648,-70.6274,280.6,48,9,0.44,CL,1700707454
293,huilong,31.694,123.2949,291.68,64,3,7.26,CN,1700707458
294,kokopo,-5.1621,152.6066,300.86,78,100,4.15,PG,1700707459
295,suzun,54.185,82.6369,267.37,64,100,3.67,RU,1700707463
296,pasil,17.4195,121.1308,295.78,63,97,1.76,PH,1700707465
297,finale ligure,43.9784,8.4433,288.15,64,40,12.46,IT,1700707476
298,barreiro do jaiba,-15.7819,-43.7836,296.13,42,7,0.5,BR,1700707498
299,zag,27.0086,-9.3091,287.3,61,27,10.48,DZ,1700707502
300,la tuque,47.6749,-72.9712,272.49,99,100,0.76,CA,1700707510
301,muborak,38.8121,65.0126,282.54,51,0,2.59,UZ,1700707513
302,nueva loja,0.0644,-77.3129,294.11,99,100,2.24,EC,1700707526
303,newman,-26.0382,117.6576,308.87,11,41,6.05,AU,1700707529
304,turgenevo,54.6707,46.3753,260.61,93,100,5.87,RU,1700707531
305,badger,64.2771,-140.854,252.15,97,66,1.71,US,1700707556
306,nanpara,27.7975,81.5716,291.75,49,0,1.33,IN,1700707561
307,semera,12.2539,41.2715,296.54,58,6,2.86,ET,1700707563
308,kapuskasing,56.5429,-86.8931,262.75,96,100,19.12,CA,1700707569
309,santa ana de yacuma,-13.9518,-65.1283,300.71,56,56,1.91,BO,1700707572
310,villa nueva,-32.4097,-63.4459,293.95,58,31,2.77,AR,1700707576
311,zavetnoye,47.0737,44.023,270.88,68,100,3.77,RU,1700707578
312,calama,-23.1135,-69.0634,283.45,40,61,1.67,CL,1700707585
313,bethel,60.617,-166.4667,270.24,80,100,13.56,US,1700707592
314,meadow lakes,64.7919,-151.6646,259.48,95,100,1.23,US,1700707600
315,laojunmiao,41.6808,96.0756,274.37,19,1,0.6,CN,1700707601
316,nadym,66.2355,72.3652,261.84,76,100,9.85,RU,1700707605
317,port hedland,-19.6262,118.8247,303.23,48,0,4.06,AU,1700707610
318,qaqortoq,61.2616,-48.2528,263.36,56,0,3.36,GL,1700707620
319,iqaluit,73.8169,-81.3678,255.2,97,100,8.58,CA,1700707623
320,krasnokuts'k,50.0668,35.0972,260.2,87,4,2.37,UA,1700707625
321,broken hill,-28.1953,141.1957,305.33,30,69,1.67,AU,1700707629
322,sorong,0.3984,131.5174,302.28,75,23,5.47,ID,1700707636
323,itaituba,-4.4656,-55.2091,296.02,99,100,0.59,BR,1700707656
324,kapuskasing,52.5227,-83.2591,262.14,92,40,3.49,CA,1700707660
325,faaa,-16.9941,-150.0024,299.67,82,41,9.09,PF,1700707663
326,polczyn-zdroj,53.7891,16.2026,273.09,90,100,10.04,PL,1700707670
327,shemgang,27.1123,90.4272,290.13,53,3,0.93,BT,1700707675
328,seosan,36.3881,125.3736,286.22,69,1,5.39,KR,1700707679
329,severo-yeniseyskiy,62.0261,89.401,249.56,100,88,1.63,RU,1700707692
330,nadym,67.1278,72.9117,262.15,85,100,10.16,RU,1700707702
331,colonia,8.5293,140.7966,302.06,74,4,7.06,FM,1700707707
332,cockburn town,21.3006,-70.5004,300.07,62,14,6.11,TC,1700707711
333,tekman,39.7065,41.5895,257.65,78,87,1.76,TR,1700707715
334,nizhniy odes,65.8768,54.8016,262.64,96,100,0.14,RU,1700707718
335,troitsko-pechorsk,62.3108,55.3782,262.27,94,100,3.53,RU,1700707720
336,pahrump,36.9443,-116.6581,283.03,19,87,0.54,US,1700707727
337,pikalevo,60.1183,34.0745,265.28,82,100,5.52,RU,1700707735
338,tulun,53.6943,99.9929,254.7,59,7,0.81,RU,1700707760
339,taiynsha,54.1725,70.0938,275.03,91,99,5.58,KZ,1700707787
340,mambajao,9.2336,124.6795,301.04,76,37,3.69,PH,1700707793
341,kodiak,57.01,-152.3181,279.95,88,35,4.78,US,1700707796
342,inongo,-2.6104,18.417,294.39,99,100,0.76,CD,1700707799
343,muramvya,-3.2856,29.768,289.3,97,100,0.22,BI,1700707803
344,qaqortoq,60.5223,-43.0824,269.3,45,100,3.01,GL,1700707816
345,dalandzadgad,42.7007,103.2275,261.45,33,4,2.7,MN,1700707828
346,pervari,37.8786,42.4366,275.18,44,90,1.26,TR,1700707830
347,cherdyn',59.8941,55.983,265.17,94,100,2.41,RU,1700707832
348,san carlos,17.6803,-91.276,294.66,98,50,3.79,MX,1700707834
349,al kharijah,26.0996,30.4428,287.37,53,5,0.87,EG,1700707849
350,happy valley-goose bay,54.2164,-56.1963,271.78,68,97,8.62,CA,1700707851
351,ust-nera,70.4824,146.9559,234.56,100,70,1.19,RU,1700707858
352,karpinsk,59.8924,59.7437,265.78,95,100,4.07,RU,1700707859
353,aktau,47.8488,72.5969,273.59,84,100,10.14,KZ,1700707866
354,banda aceh,4.7003,94.6917,299.81,79,94,0.05,ID,1700707885
355,nanpara,27.8494,81.5712,291.75,50,0,1.32,IN,1700707891
356,tahe,52.454,124.4119,256.87,39,2,5.14,CN,1700707892
357,abnub,27.5575,31.4104,289.14,49,55,1.82,EG,1700707900
358,stanley,-50.9344,-59.9148,279.64,78,31,6.9,FK,1700707902
359,berbera,11.1128,44.5011,300.66,78,23,6.15,SO,1700707903
360,kalabagh,32.9867,71.6507,291.61,30,0,0.55,PK,1700707910
361,whitehorse,60.9017,-139.2123,258.45,86,97,6.15,CA,1700707914
362,canas,10.2501,-85.2076,297.62,86,100,1.12,CR,1700707918
363,isola di capo rizzuto,38.2256,17.474,293.21,74,6,10.03,IT,1700707921
364,sampit,-1.1276,112.9554,302.43,73,95,1.4,ID,1700707923
365,az zulfi,26.3497,44.8084,288.98,53,43,3.99,SA,1700707929
366,taquaritinga,-21.4925,-48.5149,297.37,80,100,2.99,BR,1700707932
367,xining,34.2552,99.1455,264.22,34,1,1.05,CN,1700707934
368,charlestown,16.5284,-62.9444,300.86,71,0,6.01,KN,1700707939
369,san agustin de valle fertil,-30.0279,-67.8017,288.25,81,0,4.43,AR,1700707941
370,ola,61.3017,152.8713,248.09,93,100,2.57,RU,1700707954
371,saint-jean-de-monts,45.9612,-2.9226,285.97,69,13,6.02,FR,1700707970
372,kyzyl-burun,41.3,49.731,285.47,68,10,2.53,AZ,1700707972
373,ohara,34.503,141.6438,294.71,75,91,9.21,JP,1700707981
374,dauphin,50.833,-100.3448,262.22,61,9,2.8,CA,1700707983
375,borogontsy,62.2974,130.9804,246.34,91,100,2.49,RU,1700707988
376,nizhneudinsk,54.1364,98.7176,250.15,76,4,1.42,RU,1700707996
377,lorengau,-1.3541,145.908,301.74,74,89,3.19,PG,1700708005
378,vkhodnoy,54.7624,73.2378,271.08,92,100,5.42,RU,1700708016
379,caribou,46.9631,-67.9909,274.41,92,100,1.54,US,1700708030
380,pekan,3.211,103.5533,300.0,82,99,4.9,MY,1700708051
381,stanley,-52.0334,-60.9967,278.86,78,54,9.64,FK,1700708060
382,fada n'gourma,11.977,0.9776,298.18,24,80,1.76,BF,1700708067
383,qarazhal,47.9758,70.8499,275.51,71,72,9.91,KZ,1700708069
384,iqaluit,70.452,-83.3499,259.2,95,100,6.45,CA,1700708085
385,bucecea,47.7766,26.5238,273.36,90,100,2.57,RO,1700708097
386,oruro,-18.3422,-67.6222,285.69,30,64,1.67,BO,1700708099
387,ingeniero jacobacci,-42.102,-70.1946,279.27,68,1,5.05,AR,1700708104
388,kajaani,64.3739,27.7564,271.25,93,100,7.2,FI,1700708113
389,bonga,7.0777,36.6862,287.22,93,7,1.28,ET,1700708125
390,katsuura,33.8428,140.8594,294.7,74,64,8.33,JP,1700708136
391,caister-on-sea,52.9614,2.3913,284.82,85,71,11.32,GB,1700708138
392,aleshtar,33.9518,48.3955,273.01,20,100,0.81,IR,1700708139
393,la chevroliere,47.038,-1.5647,281.58,93,100,0.0,FR,1700708141
394,tsiolkovskiy,52.9962,129.306,255.54,55,0,4.89,RU,1700708143
395,al mindak,19.4976,40.7665,302.06,74,76,1.86,SA,1700708145
396,thompson,68.6287,-93.965,252.04,86,4,9.74,CA,1700708150
397,bethel,58.4222,-163.6365,277.79,93,100,11.46,US,1700708160
398,khandyga,67.4583,136.4164,237.08,100,100,0.34,RU,1700708176
399,anqing,30.5181,116.8149,294.22,40,0,4.24,CN,1700708178
400,pariaman,-0.4775,98.4303,299.48,72,99,1.23,ID,1700708190
401,dalandzadgad,42.9621,103.6877,260.42,37,6,0.77,MN,1700708205
402,erdenet,48.9091,103.987,253.47,78,67,0.88,MN,1700708220
403,sunrise manor,37.2277,-115.3335,280.63,21,57,1.05,US,1700708222
404,aoulef,26.0549,1.2622,289.66,29,1,3.94,DZ,1700708229
405,irbit,58.1984,62.4725,272.85,95,100,5.07,RU,1700708235
406,mount isa,-21.5517,142.595,306.25,34,30,2.18,AU,1700708236
407,myskhako,43.4966,37.1596,284.14,83,100,12.57,RU,1700708253
408,san juan del sur,10.6858,-86.7241,302.07,76,30,8.68,NI,1700708255
409,rudnik nad sanem,50.4784,22.2163,270.48,54,100,3.57,PL,1700708267
410,vodnyy,63.4646,53.2905,263.68,94,100,2.96,RU,1700708281
411,bethel,59.116,-160.7201,275.27,92,100,11.02,US,1700708302
412,necochea,-38.0343,-59.1102,283.4,88,7,1.91,AR,1700708311
413,bechar,31.9142,-2.7822,282.39,56,3,3.95,DZ,1700708315
414,rio grande,-32.1193,-52.2721,291.48,83,72,2.7,BR,1700708319
415,ahau,-11.9114,176.2503,302.03,74,98,3.03,FJ,1700708321
416,moama,-35.9673,144.3081,302.69,27,100,4.31,AU,1700708322
417,bafoulabe,13.5058,-10.462,296.13,16,93,1.0,ML,1700708345
